{"UUID":"TLBvbDbCug71XV54WGuz3P","layoutMainAxisSizing":null,"layoutCrossAxisSizing":null,"name":"D'Wallet","isVisible":true,"boundaryRectangle":null,"style":null,"prototypeNodeUUID":null,"child":null,"constraints":null,"debug":false,"pngPath":"/usr/src/app/temp-out/pb-tmp-1b941fa2-0785-4cd6-ae8a-992b6d7c89b7/larsalfarabi1/lib/assets/images","pages":[{"UUID":"0:1","layoutMainAxisSizing":null,"layoutCrossAxisSizing":null,"name":"wire frame","isVisible":true,"boundaryRectangle":null,"style":null,"prototypeNodeUUID":null,"child":null,"constraints":null,"convert":true,"screens":[],"pbdlType":"page"},{"UUID":"2:2","layoutMainAxisSizing":null,"layoutCrossAxisSizing":null,"name":"final","isVisible":true,"boundaryRectangle":null,"style":null,"prototypeNodeUUID":null,"child":null,"constraints":null,"convert":true,"screens":[],"pbdlType":"page"}],"miscPages":[],"sharedStyles":[],"globalStyles":{"UUID":"","layoutMainAxisSizing":null,"layoutCrossAxisSizing":null,"name":"","isVisible":false,"boundaryRectangle":null,"style":null,"prototypeNodeUUID":null,"child":null,"constraints":null,"pbdlType":"global_styles","designSystem":"material","colors":[{"UUID":"37:18","layoutMainAxisSizing":null,"layoutCrossAxisSizing":null,"name":"putih","isVisible":false,"boundaryRectangle":null,"style":null,"prototypeNodeUUID":null,"child":null,"constraints":null,"description":"","pbdlType":"global_color","color":{"a":1.0,"r":1.0,"g":1.0,"b":1.0}},{"UUID":"38:58","layoutMainAxisSizing":null,"layoutCrossAxisSizing":null,"name":"System Bg Dark Base / Primary","isVisible":false,"boundaryRectangle":null,"style":null,"prototypeNodeUUID":null,"child":null,"constraints":null,"description":"","pbdlType":"global_color","color":{"a":1.0,"r":0.0,"g":0.0,"b":0.0}},{"UUID":"38:433","layoutMainAxisSizing":null,"layoutCrossAxisSizing":null,"name":"Label Light / Primary","isVisible":false,"boundaryRectangle":null,"style":null,"prototypeNodeUUID":null,"child":null,"constraints":null,"description":"","pbdlType":"global_color","color":{"a":1.0,"r":0.0,"g":0.0,"b":0.0}},{"UUID":"38:499","layoutMainAxisSizing":null,"layoutCrossAxisSizing":null,"name":"Label Dark / Primary","isVisible":false,"boundaryRectangle":null,"style":null,"prototypeNodeUUID":null,"child":null,"constraints":null,"description":"","pbdlType":"global_color","color":{"a":1.0,"r":1.0,"g":1.0,"b":1.0}},{"UUID":"38:500","layoutMainAxisSizing":null,"layoutCrossAxisSizing":null,"name":"Label Dark / Tertiary","isVisible":false,"boundaryRectangle":null,"style":null,"prototypeNodeUUID":null,"child":null,"constraints":null,"description":"","pbdlType":"global_color","color":{"a":1.0,"r":0.9215686321258545,"g":0.9215686321258545,"b":0.9607843160629272}},{"UUID":"38:497","layoutMainAxisSizing":null,"layoutCrossAxisSizing":null,"name":"Color Light / Green","isVisible":false,"boundaryRectangle":null,"style":null,"prototypeNodeUUID":null,"child":null,"constraints":null,"description":"","pbdlType":"global_color","color":{"a":1.0,"r":0.20392157137393951,"g":0.7803921699523926,"b":0.3490196168422699}},{"UUID":"38:498","layoutMainAxisSizing":null,"layoutCrossAxisSizing":null,"name":"Color Dark / Yellow","isVisible":false,"boundaryRectangle":null,"style":null,"prototypeNodeUUID":null,"child":null,"constraints":null,"description":"","pbdlType":"global_color","color":{"a":1.0,"r":1.0,"g":0.8392156958580017,"b":0.03921568766236305}},{"UUID":"38:548","layoutMainAxisSizing":null,"layoutCrossAxisSizing":null,"name":"SystemGreen / Light","isVisible":false,"boundaryRectangle":null,"style":null,"prototypeNodeUUID":null,"child":null,"constraints":null,"description":"class var systemGreen: UIColor","pbdlType":"global_color","color":{"a":1.0,"r":0.20392157137393951,"g":0.7803921699523926,"b":0.3490196168422699}},{"UUID":"238:1092","layoutMainAxisSizing":null,"layoutCrossAxisSizing":null,"name":"Greyscale / 900","isVisible":false,"boundaryRectangle":null,"style":null,"prototypeNodeUUID":null,"child":null,"constraints":null,"description":"","pbdlType":"global_color","color":{"a":1.0,"r":0.12941177189350128,"g":0.12941177189350128,"b":0.12941177189350128}},{"UUID":"179:470","layoutMainAxisSizing":null,"layoutCrossAxisSizing":null,"name":"bg/separator","isVisible":false,"boundaryRectangle":null,"style":null,"prototypeNodeUUID":null,"child":null,"constraints":null,"description":"","pbdlType":"global_color","color":{"a":1.0,"r":0.8666666746139526,"g":0.8666666746139526,"b":0.8666666746139526}},{"UUID":"179:471","layoutMainAxisSizing":null,"layoutCrossAxisSizing":null,"name":"text/default","isVisible":false,"boundaryRectangle":null,"style":null,"prototypeNodeUUID":null,"child":null,"constraints":null,"description":"","pbdlType":"global_color","color":{"a":1.0,"r":0.239215686917305,"g":0.4000000059604645,"b":0.43921568989753723}},{"UUID":"179:469","layoutMainAxisSizing":null,"layoutCrossAxisSizing":null,"name":"bg/white","isVisible":false,"boundaryRectangle":null,"style":null,"prototypeNodeUUID":null,"child":null,"constraints":null,"description":"","pbdlType":"global_color","color":{"a":1.0,"r":1.0,"g":1.0,"b":1.0}},{"UUID":"238:1089","layoutMainAxisSizing":null,"layoutCrossAxisSizing":null,"name":"Others / White","isVisible":false,"boundaryRectangle":null,"style":null,"prototypeNodeUUID":null,"child":null,"constraints":null,"description":"","pbdlType":"global_color","color":{"a":1.0,"r":1.0,"g":1.0,"b":1.0}},{"UUID":"209:530","layoutMainAxisSizing":null,"layoutCrossAxisSizing":null,"name":"bg/secondary","isVisible":false,"boundaryRectangle":null,"style":null,"prototypeNodeUUID":null,"child":null,"constraints":null,"description":"","pbdlType":"global_color","color":{"a":1.0,"r":0.9450980424880981,"g":0.9529411792755127,"b":0.9647058844566345}},{"UUID":"209:534","layoutMainAxisSizing":null,"layoutCrossAxisSizing":null,"name":"text/disable","isVisible":false,"boundaryRectangle":null,"style":null,"prototypeNodeUUID":null,"child":null,"constraints":null,"description":"","pbdlType":"global_color","color":{"a":1.0,"r":0.578906238079071,"g":0.6863051652908325,"b":0.7124999761581421}},{"UUID":"209:531","layoutMainAxisSizing":null,"layoutCrossAxisSizing":null,"name":"primary/blue","isVisible":false,"boundaryRectangle":null,"style":null,"prototypeNodeUUID":null,"child":null,"constraints":null,"description":"","pbdlType":"global_color","color":{"a":1.0,"r":0.25083333253860474,"g":0.2981140613555908,"b":0.699999988079071}},{"UUID":"303:2098","layoutMainAxisSizing":null,"layoutCrossAxisSizing":null,"name":"Red","isVisible":false,"boundaryRectangle":null,"style":null,"prototypeNodeUUID":null,"child":null,"constraints":null,"description":"","pbdlType":"global_color","color":{"a":1.0,"r":0.9215686321258545,"g":0.34117648005485535,"b":0.34117648005485535}},{"UUID":"209:535","layoutMainAxisSizing":null,"layoutCrossAxisSizing":null,"name":"move/Income","isVisible":false,"boundaryRectangle":null,"style":null,"prototypeNodeUUID":null,"child":null,"constraints":null,"description":"","pbdlType":"global_color","color":{"a":1.0,"r":0.2534589469432831,"g":0.7458333373069763,"b":0.021753430366516113}},{"UUID":"209:539","layoutMainAxisSizing":null,"layoutCrossAxisSizing":null,"name":"move/Spending","isVisible":false,"boundaryRectangle":null,"style":null,"prototypeNodeUUID":null,"child":null,"constraints":null,"description":"","pbdlType":"global_color","color":{"a":1.0,"r":0.9215686321258545,"g":0.12156862765550613,"b":0.2235294133424759}},{"UUID":"209:540","layoutMainAxisSizing":null,"layoutCrossAxisSizing":null,"name":"primary/cloud","isVisible":false,"boundaryRectangle":null,"style":null,"prototypeNodeUUID":null,"child":null,"constraints":null,"description":"","pbdlType":"global_color","color":{"a":1.0,"r":0.658823549747467,"g":0.6784313917160034,"b":0.8666666746139526}},{"UUID":"246:2347","layoutMainAxisSizing":null,"layoutCrossAxisSizing":null,"name":"Primary/500","isVisible":false,"boundaryRectangle":null,"style":null,"prototypeNodeUUID":null,"child":null,"constraints":null,"description":"","pbdlType":"global_color","color":{"a":1.0,"r":0.1411764770746231,"g":0.41960784792900085,"b":0.9921568632125854}},{"UUID":"238:1097","layoutMainAxisSizing":null,"layoutCrossAxisSizing":null,"name":"Greyscale / 200","isVisible":false,"boundaryRectangle":null,"style":null,"prototypeNodeUUID":null,"child":null,"constraints":null,"description":"","pbdlType":"global_color","color":{"a":1.0,"r":0.9333333373069763,"g":0.9333333373069763,"b":0.9333333373069763}},{"UUID":"238:1098","layoutMainAxisSizing":null,"layoutCrossAxisSizing":null,"name":"Greyscale / 700","isVisible":false,"boundaryRectangle":null,"style":null,"prototypeNodeUUID":null,"child":null,"constraints":null,"description":"","pbdlType":"global_color","color":{"a":1.0,"r":0.3803921639919281,"g":0.3803921639919281,"b":0.3803921639919281}},{"UUID":"246:2348","layoutMainAxisSizing":null,"layoutCrossAxisSizing":null,"name":"Alerts & Status / Error","isVisible":false,"boundaryRectangle":null,"style":null,"prototypeNodeUUID":null,"child":null,"constraints":null,"description":"","pbdlType":"global_color","color":{"a":1.0,"r":0.9686274528503418,"g":0.3333333432674408,"b":0.3333333432674408}},{"UUID":"246:2345","layoutMainAxisSizing":null,"layoutCrossAxisSizing":null,"name":"Secondary/500","isVisible":false,"boundaryRectangle":null,"style":null,"prototypeNodeUUID":null,"child":null,"constraints":null,"description":"","pbdlType":"global_color","color":{"a":1.0,"r":1.0,"g":0.8274509906768799,"b":0.0}},{"UUID":"238:1101","layoutMainAxisSizing":null,"layoutCrossAxisSizing":null,"name":"Alerts & Status / Warning","isVisible":false,"boundaryRectangle":null,"style":null,"prototypeNodeUUID":null,"child":null,"constraints":null,"description":"","pbdlType":"global_color","color":{"a":1.0,"r":0.9803921580314636,"g":0.800000011920929,"b":0.08235294371843338}},{"UUID":"238:1105","layoutMainAxisSizing":null,"layoutCrossAxisSizing":null,"name":"Others / Black","isVisible":false,"boundaryRectangle":null,"style":null,"prototypeNodeUUID":null,"child":null,"constraints":null,"description":"","pbdlType":"global_color","color":{"a":1.0,"r":0.0,"g":0.0,"b":0.0}},{"UUID":"246:2346","layoutMainAxisSizing":null,"layoutCrossAxisSizing":null,"name":"Greyscale / 800","isVisible":false,"boundaryRectangle":null,"style":null,"prototypeNodeUUID":null,"child":null,"constraints":null,"description":"","pbdlType":"global_color","color":{"a":1.0,"r":0.25882354378700256,"g":0.25882354378700256,"b":0.25882354378700256}}],"textStyles":[{"UUID":"238:1104","layoutMainAxisSizing":null,"layoutCrossAxisSizing":null,"name":"body / large / bold","isVisible":false,"boundaryRectangle":null,"style":null,"prototypeNodeUUID":null,"child":null,"constraints":null,"description":"Previous style:\nbody/large/bold","pbdlType":"global_text_style","textStyle":{"UUID":"","layoutMainAxisSizing":null,"layoutCrossAxisSizing":null,"name":"","isVisible":false,"boundaryRectangle":null,"style":null,"prototypeNodeUUID":"","child":null,"constraints":null,"fontFamily":"Urbanist","fontPostScriptName":"UrbanistRoman-Bold","paragraphSpacing":0,"paragraphIndent":0,"listSpacing":0,"italics":null,"fontWeight":700,"fontSize":16.0,"textCase":"ORIGINAL","textDecoration":"NONE","textAutoResize":"WIDTH_AND_HEIGHT","textAlignHorizontal":"LEFT","textAlignVertical":"TOP","letterSpacing":0.20000000298023224,"fills":null,"hyperLink":null,"opentypeFlags":{},"lineHeightPx":22.399999618530273,"lineHeightPercent":116.66666412353516,"lineHeightPercentFontSize":140.0,"lineHeightUnit":"FONT_SIZE_%","pbdlType":"text_style"}},{"UUID":"179:472","layoutMainAxisSizing":null,"layoutCrossAxisSizing":null,"name":"Label/13pt","isVisible":false,"boundaryRectangle":null,"style":null,"prototypeNodeUUID":null,"child":null,"constraints":null,"description":"","pbdlType":"global_text_style","textStyle":{"UUID":"","layoutMainAxisSizing":null,"layoutCrossAxisSizing":null,"name":"","isVisible":false,"boundaryRectangle":null,"style":null,"prototypeNodeUUID":"","child":null,"constraints":null,"fontFamily":"Nunito","fontPostScriptName":"Nunito-SemiBold","paragraphSpacing":0,"paragraphIndent":0,"listSpacing":0,"italics":null,"fontWeight":600,"fontSize":13.0,"textCase":"ORIGINAL","textDecoration":"NONE","textAutoResize":"WIDTH_AND_HEIGHT","textAlignHorizontal":"LEFT","textAlignVertical":"TOP","letterSpacing":0.0,"fills":null,"hyperLink":null,"opentypeFlags":{},"lineHeightPx":20.020000457763672,"lineHeightPercent":112.90322875976562,"lineHeightPercentFontSize":154.0,"lineHeightUnit":"PIXELS","pbdlType":"text_style"}},{"UUID":"209:536","layoutMainAxisSizing":null,"layoutCrossAxisSizing":null,"name":"Label/11pt","isVisible":false,"boundaryRectangle":null,"style":null,"prototypeNodeUUID":null,"child":null,"constraints":null,"description":"","pbdlType":"global_text_style","textStyle":{"UUID":"","layoutMainAxisSizing":null,"layoutCrossAxisSizing":null,"name":"","isVisible":false,"boundaryRectangle":null,"style":null,"prototypeNodeUUID":"","child":null,"constraints":null,"fontFamily":"IBM Plex Sans","fontPostScriptName":"IBMPlexSans-Medium","paragraphSpacing":0,"paragraphIndent":0,"listSpacing":0,"italics":null,"fontWeight":500,"fontSize":11.0,"textCase":"ORIGINAL","textDecoration":"NONE","textAutoResize":"WIDTH_AND_HEIGHT","textAlignHorizontal":"LEFT","textAlignVertical":"TOP","letterSpacing":0.0,"fills":null,"hyperLink":null,"opentypeFlags":{},"lineHeightPx":16.0,"lineHeightPercent":111.88812255859375,"lineHeightPercentFontSize":145.4545440673828,"lineHeightUnit":"PIXELS","pbdlType":"text_style"}},{"UUID":"209:537","layoutMainAxisSizing":null,"layoutCrossAxisSizing":null,"name":"Label/15pt","isVisible":false,"boundaryRectangle":null,"style":null,"prototypeNodeUUID":null,"child":null,"constraints":null,"description":"","pbdlType":"global_text_style","textStyle":{"UUID":"","layoutMainAxisSizing":null,"layoutCrossAxisSizing":null,"name":"","isVisible":false,"boundaryRectangle":null,"style":null,"prototypeNodeUUID":"","child":null,"constraints":null,"fontFamily":"Nunito","fontPostScriptName":"Nunito-SemiBold","paragraphSpacing":0,"paragraphIndent":0,"listSpacing":0,"italics":null,"fontWeight":600,"fontSize":15.0,"textCase":"ORIGINAL","textDecoration":"NONE","textAutoResize":"WIDTH_AND_HEIGHT","textAlignHorizontal":"LEFT","textAlignVertical":"TOP","letterSpacing":0.0,"fills":null,"hyperLink":null,"opentypeFlags":{},"lineHeightPx":18.0,"lineHeightPercent":87.97654724121094,"lineHeightPercentFontSize":120.0,"lineHeightUnit":"PIXELS","pbdlType":"text_style"}},{"UUID":"209:538","layoutMainAxisSizing":null,"layoutCrossAxisSizing":null,"name":"Volume/16pt","isVisible":false,"boundaryRectangle":null,"style":null,"prototypeNodeUUID":null,"child":null,"constraints":null,"description":"","pbdlType":"global_text_style","textStyle":{"UUID":"","layoutMainAxisSizing":null,"layoutCrossAxisSizing":null,"name":"","isVisible":false,"boundaryRectangle":null,"style":null,"prototypeNodeUUID":"","child":null,"constraints":null,"fontFamily":"IBM Plex Sans","fontPostScriptName":"IBMPlexSans","paragraphSpacing":0,"paragraphIndent":0,"listSpacing":0,"italics":null,"fontWeight":400,"fontSize":16.0,"textCase":"ORIGINAL","textDecoration":"NONE","textAutoResize":"WIDTH_AND_HEIGHT","textAlignHorizontal":"LEFT","textAlignVertical":"TOP","letterSpacing":0.0,"fills":null,"hyperLink":null,"opentypeFlags":{},"lineHeightPx":18.0,"lineHeightPercent":86.53846740722656,"lineHeightPercentFontSize":112.5,"lineHeightUnit":"PIXELS","pbdlType":"text_style"}},{"UUID":"209:541","layoutMainAxisSizing":null,"layoutCrossAxisSizing":null,"name":"Volume/22pt","isVisible":false,"boundaryRectangle":null,"style":null,"prototypeNodeUUID":null,"child":null,"constraints":null,"description":"","pbdlType":"global_text_style","textStyle":{"UUID":"","layoutMainAxisSizing":null,"layoutCrossAxisSizing":null,"name":"","isVisible":false,"boundaryRectangle":null,"style":null,"prototypeNodeUUID":"","child":null,"constraints":null,"fontFamily":"IBM Plex Sans","fontPostScriptName":"IBMPlexSans-Bold","paragraphSpacing":0,"paragraphIndent":0,"listSpacing":0,"italics":null,"fontWeight":700,"fontSize":22.0,"textCase":"ORIGINAL","textDecoration":"NONE","textAutoResize":"WIDTH_AND_HEIGHT","textAlignHorizontal":"LEFT","textAlignVertical":"TOP","letterSpacing":0.44,"fills":null,"hyperLink":null,"opentypeFlags":{},"lineHeightPx":33.58821105957031,"lineHeightPercent":117.4413070678711,"lineHeightPercentFontSize":152.67369079589844,"lineHeightUnit":"PIXELS","pbdlType":"text_style"}},{"UUID":"238:1099","layoutMainAxisSizing":null,"layoutCrossAxisSizing":null,"name":"body / large / medium","isVisible":false,"boundaryRectangle":null,"style":null,"prototypeNodeUUID":null,"child":null,"constraints":null,"description":"","pbdlType":"global_text_style","textStyle":{"UUID":"","layoutMainAxisSizing":null,"layoutCrossAxisSizing":null,"name":"","isVisible":false,"boundaryRectangle":null,"style":null,"prototypeNodeUUID":"","child":null,"constraints":null,"fontFamily":"Urbanist","fontPostScriptName":"UrbanistRoman-Medium","paragraphSpacing":0,"paragraphIndent":0,"listSpacing":0,"italics":null,"fontWeight":500,"fontSize":16.0,"textCase":"ORIGINAL","textDecoration":"NONE","textAutoResize":"WIDTH_AND_HEIGHT","textAlignHorizontal":"LEFT","textAlignVertical":"TOP","letterSpacing":0.20000000298023224,"fills":null,"hyperLink":null,"opentypeFlags":{},"lineHeightPx":22.399999618530273,"lineHeightPercent":116.66666412353516,"lineHeightPercentFontSize":140.0,"lineHeightUnit":"FONT_SIZE_%","pbdlType":"text_style"}},{"UUID":"238:1100","layoutMainAxisSizing":null,"layoutCrossAxisSizing":null,"name":"body / xlarge / semibold","isVisible":false,"boundaryRectangle":null,"style":null,"prototypeNodeUUID":null,"child":null,"constraints":null,"description":"Previous style:\nbody/xlarge/semibold","pbdlType":"global_text_style","textStyle":{"UUID":"","layoutMainAxisSizing":null,"layoutCrossAxisSizing":null,"name":"","isVisible":false,"boundaryRectangle":null,"style":null,"prototypeNodeUUID":"","child":null,"constraints":null,"fontFamily":"Urbanist","fontPostScriptName":"Urbanist-SemiBold","paragraphSpacing":0,"paragraphIndent":0,"listSpacing":0,"italics":null,"fontWeight":600,"fontSize":18.0,"textCase":"ORIGINAL","textDecoration":"NONE","textAutoResize":"WIDTH_AND_HEIGHT","textAlignHorizontal":"LEFT","textAlignVertical":"TOP","letterSpacing":0.20000000298023224,"fills":null,"hyperLink":null,"opentypeFlags":{},"lineHeightPx":25.19999885559082,"lineHeightPercent":116.66666412353516,"lineHeightPercentFontSize":140.0,"lineHeightUnit":"FONT_SIZE_%","pbdlType":"text_style"}},{"UUID":"238:1102","layoutMainAxisSizing":null,"layoutCrossAxisSizing":null,"name":"body / xsmall / semibold","isVisible":false,"boundaryRectangle":null,"style":null,"prototypeNodeUUID":null,"child":null,"constraints":null,"description":"Previous style:\nbody/xsmall/semibold","pbdlType":"global_text_style","textStyle":{"UUID":"","layoutMainAxisSizing":null,"layoutCrossAxisSizing":null,"name":"","isVisible":false,"boundaryRectangle":null,"style":null,"prototypeNodeUUID":"","child":null,"constraints":null,"fontFamily":"Urbanist","fontPostScriptName":"Urbanist-SemiBold","paragraphSpacing":0,"paragraphIndent":0,"listSpacing":0,"italics":null,"fontWeight":600,"fontSize":10.0,"textCase":"ORIGINAL","textDecoration":"NONE","textAutoResize":"WIDTH_AND_HEIGHT","textAlignHorizontal":"LEFT","textAlignVertical":"TOP","letterSpacing":0.20000000298023224,"fills":null,"hyperLink":null,"opentypeFlags":{},"lineHeightPx":12.0,"lineHeightPercent":100.0,"lineHeightPercentFontSize":null,"lineHeightUnit":"INTRINSIC_%","pbdlType":"text_style"}},{"UUID":"238:1093","layoutMainAxisSizing":null,"layoutCrossAxisSizing":null,"name":"H4 / bold","isVisible":false,"boundaryRectangle":null,"style":null,"prototypeNodeUUID":null,"child":null,"constraints":null,"description":"Previous style:\nH4/bold","pbdlType":"global_text_style","textStyle":{"UUID":"","layoutMainAxisSizing":null,"layoutCrossAxisSizing":null,"name":"","isVisible":false,"boundaryRectangle":null,"style":null,"prototypeNodeUUID":"","child":null,"constraints":null,"fontFamily":"Urbanist","fontPostScriptName":"UrbanistRoman-Bold","paragraphSpacing":0,"paragraphIndent":0,"listSpacing":0,"italics":null,"fontWeight":700,"fontSize":24.0,"textCase":"ORIGINAL","textDecoration":"NONE","textAutoResize":"WIDTH_AND_HEIGHT","textAlignHorizontal":"LEFT","textAlignVertical":"TOP","letterSpacing":0.0,"fills":null,"hyperLink":null,"opentypeFlags":{},"lineHeightPx":28.80000114440918,"lineHeightPercent":100.0,"lineHeightPercentFontSize":120.00000762939453,"lineHeightUnit":"FONT_SIZE_%","pbdlType":"text_style"}},{"UUID":"238:1106","layoutMainAxisSizing":null,"layoutCrossAxisSizing":null,"name":"body / large / semibold","isVisible":false,"boundaryRectangle":null,"style":null,"prototypeNodeUUID":null,"child":null,"constraints":null,"description":"Previous style:\nbody/large/semibold","pbdlType":"global_text_style","textStyle":{"UUID":"","layoutMainAxisSizing":null,"layoutCrossAxisSizing":null,"name":"","isVisible":false,"boundaryRectangle":null,"style":null,"prototypeNodeUUID":"","child":null,"constraints":null,"fontFamily":"Urbanist","fontPostScriptName":"Urbanist-SemiBold","paragraphSpacing":0,"paragraphIndent":0,"listSpacing":0,"italics":null,"fontWeight":600,"fontSize":16.0,"textCase":"ORIGINAL","textDecoration":"NONE","textAutoResize":"WIDTH_AND_HEIGHT","textAlignHorizontal":"LEFT","textAlignVertical":"TOP","letterSpacing":0.20000000298023224,"fills":null,"hyperLink":null,"opentypeFlags":{},"lineHeightPx":22.399999618530273,"lineHeightPercent":116.66666412353516,"lineHeightPercentFontSize":140.0,"lineHeightUnit":"FONT_SIZE_%","pbdlType":"text_style"}}],"themeColors":[],"themeTextStyles":[]},"pbdlType":"project","azure_container_uri":"https://pbnestcore.blob.core.windows.net/tlbvbdbcug71xv54wguz3p"}